IP 地址,已发送,已接收,丢包率,平均延迟,下载速度(MB/s),地区码
104.27.104.231,4,4,0.00,292.97,1.26,FRA
104.27.105.145,4,4,0.00,252.67,0.61,FRA
104.27.205.7,4,4,0.00,181.97,0.45,FRA
104.27.120.122,4,4,0.00,221.82,0.32,FRA
104.27.199.4,4,4,0.00,189.77,0.27,FRA
104.27.97.119,4,4,0.00,256.19,0.22,FRA
104.27.106.54,4,4,0.00,282.93,0.17,FRA
104.27.203.231,4,4,0.00,186.24,0.13,FRA
104.27.207.156,4,4,0.00,217.17,0.13,FRA
104.27.113.235,4,4,0.00,209.17,0.11,FRA
104.17.51.100,4,3,0.25,542.26,0.00,N/A
104.21.40.204,4,3,0.25,425.84,0.00,N/A
104.27.100.173,4,4,0.00,300.90,0.00,N/A
104.27.59.131,4,4,0.00,312.39,0.00,N/A
104.27.56.192,4,4,0.00,313.48,0.00,N/A
172.67.101.108,4,4,0.00,317.88,0.00,N/A
104.27.54.39,4,4,0.00,337.45,0.00,N/A
104.25.70.89,4,4,0.00,347.84,0.00,N/A
104.27.55.173,4,4,0.00,349.25,0.00,N/A
104.25.58.136,4,4,0.00,356.69,0.00,N/A
162.159.45.141,4,4,0.00,367.98,0.00,N/A
162.159.44.235,4,4,0.00,369.20,0.00,N/A
162.159.38.82,4,4,0.00,374.60,0.00,N/A
104.23.98.56,4,4,0.00,376.46,0.00,N/A
162.159.249.0,4,4,0.00,381.73,0.00,N/A
104.25.69.169,4,4,0.00,381.83,0.00,N/A
172.67.113.170,4,4,0.00,383.07,0.00,N/A
104.24.240.65,4,4,0.00,383.77,0.00,N/A
104.19.244.232,4,4,0.00,388.47,0.00,N/A
172.67.112.165,4,4,0.00,389.60,0.00,N/A
104.23.128.67,4,4,0.00,395.13,0.00,N/A
172.65.231.115,4,4,0.00,395.23,0.00,N/A
104.21.233.103,4,4,0.00,397.69,0.00,N/A
162.159.42.187,4,4,0.00,397.82,0.00,N/A
104.24.242.207,4,4,0.00,403.27,0.00,N/A
104.25.19.227,4,4,0.00,403.33,0.00,N/A
104.21.36.77,4,4,0.00,407.28,0.00,N/A
104.21.14.93,4,4,0.00,410.47,0.00,N/A
162.159.59.131,4,4,0.00,410.88,0.00,N/A
104.21.2.91,4,4,0.00,410.97,0.00,N/A
104.21.15.66,4,4,0.00,411.95,0.00,N/A
172.65.189.35,4,4,0.00,412.78,0.00,N/A
104.25.12.225,4,4,0.00,413.99,0.00,N/A
104.21.12.68,4,4,0.00,414.49,0.00,N/A
104.23.131.113,4,4,0.00,415.30,0.00,N/A
104.23.141.248,4,4,0.00,415.35,0.00,N/A
104.27.40.5,4,4,0.00,416.39,0.00,N/A
104.21.25.227,4,4,0.00,417.82,0.00,N/A
104.23.122.172,4,4,0.00,418.17,0.00,N/A
104.21.20.184,4,4,0.00,420.75,0.00,N/A
104.27.39.184,4,4,0.00,422.91,0.00,N/A
104.24.236.20,4,4,0.00,423.31,0.00,N/A
104.21.70.26,4,4,0.00,423.43,0.00,N/A
162.159.60.65,4,4,0.00,428.28,0.00,N/A
104.21.61.158,4,4,0.00,428.34,0.00,N/A
172.65.187.135,4,4,0.00,428.88,0.00,N/A
104.21.24.150,4,4,0.00,429.18,0.00,N/A
104.21.17.86,4,4,0.00,430.12,0.00,N/A
104.25.238.216,4,4,0.00,431.41,0.00,N/A
104.21.18.48,4,4,0.00,431.42,0.00,N/A
162.159.43.108,4,4,0.00,431.55,0.00,N/A
104.25.203.225,4,4,0.00,431.89,0.00,N/A
104.23.135.249,4,4,0.00,431.90,0.00,N/A
104.26.5.225,4,4,0.00,432.35,0.00,N/A
104.25.206.93,4,4,0.00,433.53,0.00,N/A
104.25.100.114,4,4,0.00,433.59,0.00,N/A
104.23.138.191,4,4,0.00,434.24,0.00,N/A
172.65.177.174,4,4,0.00,434.42,0.00,N/A
104.21.39.252,4,4,0.00,434.71,0.00,N/A
104.25.121.18,4,4,0.00,434.88,0.00,N/A
104.21.11.79,4,4,0.00,435.27,0.00,N/A
104.21.96.238,4,4,0.00,435.93,0.00,N/A
104.21.82.76,4,4,0.00,436.27,0.00,N/A
104.21.76.79,4,4,0.00,436.71,0.00,N/A
104.21.122.139,4,4,0.00,436.95,0.00,N/A
104.25.133.131,4,4,0.00,437.13,0.00,N/A
104.25.209.195,4,4,0.00,437.59,0.00,N/A
104.23.134.95,4,4,0.00,438.44,0.00,N/A
172.65.178.110,4,4,0.00,439.18,0.00,N/A
104.21.47.251,4,4,0.00,439.83,0.00,N/A
172.64.40.91,4,4,0.00,441.07,0.00,N/A
104.24.222.222,4,4,0.00,441.45,0.00,N/A
104.21.46.139,4,4,0.00,441.52,0.00,N/A
104.24.205.9,4,4,0.00,442.46,0.00,N/A
104.21.69.152,4,4,0.00,442.52,0.00,N/A
104.25.184.217,4,4,0.00,442.56,0.00,N/A
172.65.171.173,4,4,0.00,442.85,0.00,N/A
162.159.46.34,4,4,0.00,443.25,0.00,N/A
104.26.4.253,4,4,0.00,444.16,0.00,N/A
104.24.224.242,4,4,0.00,444.27,0.00,N/A
172.65.176.64,4,4,0.00,445.34,0.00,N/A
172.65.188.161,4,4,0.00,446.12,0.00,N/A
104.23.124.73,4,4,0.00,446.76,0.00,N/A
104.25.134.97,4,4,0.00,447.39,0.00,N/A
104.19.90.115,4,4,0.00,447.45,0.00,N/A
172.65.169.154,4,4,0.00,449.09,0.00,N/A
104.21.79.190,4,4,0.00,449.39,0.00,N/A
104.25.128.3,4,4,0.00,449.66,0.00,N/A
104.25.199.222,4,4,0.00,450.29,0.00,N/A
104.16.45.238,4,4,0.00,450.53,0.00,N/A
104.21.37.140,4,4,0.00,450.63,0.00,N/A
104.25.118.73,4,4,0.00,451.92,0.00,N/A
104.25.114.118,4,4,0.00,452.03,0.00,N/A
104.25.123.136,4,4,0.00,452.05,0.00,N/A
104.23.139.164,4,4,0.00,452.29,0.00,N/A
104.23.142.206,4,4,0.00,452.77,0.00,N/A
172.67.123.89,4,4,0.00,453.31,0.00,N/A
104.25.41.230,4,4,0.00,454.91,0.00,N/A
104.16.216.37,4,4,0.00,455.98,0.00,N/A
104.24.44.77,4,4,0.00,456.01,0.00,N/A
172.65.184.2,4,4,0.00,456.58,0.00,N/A
104.23.136.203,4,4,0.00,457.27,0.00,N/A
104.25.229.185,4,4,0.00,459.17,0.00,N/A
172.64.50.48,4,4,0.00,459.21,0.00,N/A
104.25.202.200,4,4,0.00,459.91,0.00,N/A
172.65.152.220,4,4,0.00,460.25,0.00,N/A
104.25.119.199,4,4,0.00,460.45,0.00,N/A
162.159.50.145,4,4,0.00,460.56,0.00,N/A
104.25.140.125,4,4,0.00,460.82,0.00,N/A
104.25.40.117,4,4,0.00,461.41,0.00,N/A
172.65.206.81,4,4,0.00,462.31,0.00,N/A
104.25.132.87,4,4,0.00,462.66,0.00,N/A
104.19.100.75,4,4,0.00,463.07,0.00,N/A
162.159.8.104,4,4,0.00,463.64,0.00,N/A
172.65.59.252,4,4,0.00,464.84,0.00,N/A
104.18.247.83,4,4,0.00,465.25,0.00,N/A
104.25.137.33,4,4,0.00,467.25,0.00,N/A
104.25.205.149,4,4,0.00,467.30,0.00,N/A
104.25.139.109,4,4,0.00,467.72,0.00,N/A
104.25.196.24,4,4,0.00,468.52,0.00,N/A
141.101.122.245,4,4,0.00,469.29,0.00,N/A
104.18.165.60,4,4,0.00,469.32,0.00,N/A
104.18.238.209,4,4,0.00,469.42,0.00,N/A
172.67.127.222,4,4,0.00,469.79,0.00,N/A
104.18.244.206,4,4,0.00,469.87,0.00,N/A
172.67.121.166,4,4,0.00,469.97,0.00,N/A
172.65.113.144,4,4,0.00,471.45,0.00,N/A
104.19.28.20,4,4,0.00,471.99,0.00,N/A
104.25.135.211,4,4,0.00,473.08,0.00,N/A
198.41.218.170,4,4,0.00,473.59,0.00,N/A
172.67.243.55,4,4,0.00,474.06,0.00,N/A
172.65.71.182,4,4,0.00,474.37,0.00,N/A
172.65.241.194,4,4,0.00,474.84,0.00,N/A
104.25.193.179,4,4,0.00,475.89,0.00,N/A
172.65.233.27,4,4,0.00,476.66,0.00,N/A
104.25.189.21,4,4,0.00,476.79,0.00,N/A
104.25.208.153,4,4,0.00,477.45,0.00,N/A
172.64.39.251,4,4,0.00,477.47,0.00,N/A
104.17.11.196,4,4,0.00,477.55,0.00,N/A
104.25.194.134,4,4,0.00,478.11,0.00,N/A
172.67.234.227,4,4,0.00,478.99,0.00,N/A
172.64.69.66,4,4,0.00,479.67,0.00,N/A
172.67.122.63,4,4,0.00,481.97,0.00,N/A
104.17.53.191,4,4,0.00,482.01,0.00,N/A
104.19.37.111,4,4,0.00,482.84,0.00,N/A
104.17.57.84,4,4,0.00,483.18,0.00,N/A
104.18.249.246,4,4,0.00,483.35,0.00,N/A
172.67.199.204,4,4,0.00,483.51,0.00,N/A
104.25.230.205,4,4,0.00,483.68,0.00,N/A
172.64.65.129,4,4,0.00,484.53,0.00,N/A
172.67.241.211,4,4,0.00,484.88,0.00,N/A
172.65.237.38,4,4,0.00,484.95,0.00,N/A
104.25.130.26,4,4,0.00,485.01,0.00,N/A
172.67.246.233,4,4,0.00,485.31,0.00,N/A
198.41.223.233,4,4,0.00,485.50,0.00,N/A
104.16.218.48,4,4,0.00,485.72,0.00,N/A
104.25.231.112,4,4,0.00,485.78,0.00,N/A
104.25.136.140,4,4,0.00,486.30,0.00,N/A
104.25.226.79,4,4,0.00,487.04,0.00,N/A
104.18.207.187,4,4,0.00,487.10,0.00,N/A
172.65.234.40,4,4,0.00,487.35,0.00,N/A
172.67.235.2,4,4,0.00,487.63,0.00,N/A
172.67.195.17,4,4,0.00,488.38,0.00,N/A
172.65.120.153,4,4,0.00,489.62,0.00,N/A
104.19.29.50,4,4,0.00,491.84,0.00,N/A
104.19.69.250,4,4,0.00,492.77,0.00,N/A
104.19.120.52,4,4,0.00,493.73,0.00,N/A
172.67.236.69,4,4,0.00,494.91,0.00,N/A
162.159.57.1,4,4,0.00,494.98,0.00,N/A
172.67.172.121,4,4,0.00,496.11,0.00,N/A
172.67.124.5,4,4,0.00,496.69,0.00,N/A
162.159.41.122,4,4,0.00,496.86,0.00,N/A
172.64.95.13,4,4,0.00,496.87,0.00,N/A
188.114.97.206,4,4,0.00,497.37,0.00,N/A
172.67.249.251,4,4,0.00,498.09,0.00,N/A
172.67.192.79,4,4,0.00,498.93,0.00,N/A
104.19.77.6,4,4,0.00,499.00,0.00,N/A
104.16.172.153,4,4,0.00,499.04,0.00,N/A
172.64.68.200,4,4,0.00,499.49,0.00,N/A
172.67.237.166,4,4,0.00,500.21,0.00,N/A
172.67.170.92,4,4,0.00,500.24,0.00,N/A
172.67.239.161,4,4,0.00,500.93,0.00,N/A
172.67.169.32,4,4,0.00,501.52,0.00,N/A
172.67.244.82,4,4,0.00,502.51,0.00,N/A
104.19.76.210,4,4,0.00,502.87,0.00,N/A
172.65.77.21,4,4,0.00,505.20,0.00,N/A
104.19.15.31,4,4,0.00,505.88,0.00,N/A
172.67.171.58,4,4,0.00,506.80,0.00,N/A
104.16.173.117,4,4,0.00,507.26,0.00,N/A
162.159.22.9,4,4,0.00,508.77,0.00,N/A
172.64.88.20,4,4,0.00,509.28,0.00,N/A
104.16.187.98,4,4,0.00,512.62,0.00,N/A
104.18.211.151,4,4,0.00,512.72,0.00,N/A
172.67.193.81,4,4,0.00,513.02,0.00,N/A
104.18.243.238,4,4,0.00,514.37,0.00,N/A
172.67.250.187,4,4,0.00,514.50,0.00,N/A
104.19.9.103,4,4,0.00,514.80,0.00,N/A
172.67.190.7,4,4,0.00,514.89,0.00,N/A
162.159.4.41,4,4,0.00,514.92,0.00,N/A
172.65.114.178,4,4,0.00,514.99,0.00,N/A
104.18.212.232,4,4,0.00,516.38,0.00,N/A
104.16.221.171,4,4,0.00,516.78,0.00,N/A
172.67.240.216,4,4,0.00,517.40,0.00,N/A
104.19.88.223,4,4,0.00,517.87,0.00,N/A
104.19.68.130,4,4,0.00,519.36,0.00,N/A
172.65.67.222,4,4,0.00,520.06,0.00,N/A
172.65.109.104,4,4,0.00,521.76,0.00,N/A
172.64.93.194,4,4,0.00,521.87,0.00,N/A
104.16.245.185,4,4,0.00,522.67,0.00,N/A
172.65.76.67,4,4,0.00,526.52,0.00,N/A
104.18.194.93,4,4,0.00,526.65,0.00,N/A
162.159.10.169,4,4,0.00,526.78,0.00,N/A
172.65.110.70,4,4,0.00,527.59,0.00,N/A
104.19.5.1,4,4,0.00,528.09,0.00,N/A
104.16.255.99,4,4,0.00,528.15,0.00,N/A
104.18.235.172,4,4,0.00,529.01,0.00,N/A
104.18.245.34,4,4,0.00,529.74,0.00,N/A
172.65.111.67,4,4,0.00,530.11,0.00,N/A
104.16.204.174,4,4,0.00,530.46,0.00,N/A
104.16.207.105,4,4,0.00,532.95,0.00,N/A
104.19.14.17,4,4,0.00,537.69,0.00,N/A
172.64.80.82,4,4,0.00,537.80,0.00,N/A
104.16.243.186,4,4,0.00,540.27,0.00,N/A
162.159.23.157,4,4,0.00,540.80,0.00,N/A
104.16.250.190,4,4,0.00,544.91,0.00,N/A
104.16.174.151,4,4,0.00,545.05,0.00,N/A
172.64.67.147,4,4,0.00,547.32,0.00,N/A
104.19.83.202,4,4,0.00,547.93,0.00,N/A
104.18.192.142,4,4,0.00,550.49,0.00,N/A
104.18.193.234,4,4,0.00,550.83,0.00,N/A
162.159.19.17,4,4,0.00,550.89,0.00,N/A
104.17.39.49,4,4,0.00,551.45,0.00,N/A
104.16.210.148,4,4,0.00,551.77,0.00,N/A
162.159.2.153,4,4,0.00,552.88,0.00,N/A
104.16.188.1,4,4,0.00,553.27,0.00,N/A
172.65.217.157,4,4,0.00,553.66,0.00,N/A
104.17.60.26,4,4,0.00,553.74,0.00,N/A
162.159.0.53,4,4,0.00,554.38,0.00,N/A
104.17.63.1,4,4,0.00,554.80,0.00,N/A
104.18.218.60,4,4,0.00,555.01,0.00,N/A
104.16.193.39,4,4,0.00,556.06,0.00,N/A
162.159.25.171,4,4,0.00,559.55,0.00,N/A
104.16.215.73,4,4,0.00,559.84,0.00,N/A
162.159.16.62,4,4,0.00,560.20,0.00,N/A
162.159.61.19,4,4,0.00,560.75,0.00,N/A
104.16.205.190,4,4,0.00,560.96,0.00,N/A
104.17.40.235,4,4,0.00,561.46,0.00,N/A
104.16.239.89,4,4,0.00,562.03,0.00,N/A
104.19.73.66,4,4,0.00,563.32,0.00,N/A
104.18.242.167,4,4,0.00,564.17,0.00,N/A
104.18.185.211,4,4,0.00,565.06,0.00,N/A
104.16.195.208,4,4,0.00,565.18,0.00,N/A
162.159.3.57,4,4,0.00,565.72,0.00,N/A
172.64.37.138,4,4,0.00,566.06,0.00,N/A
198.41.203.210,4,4,0.00,566.41,0.00,N/A
104.16.219.116,4,4,0.00,567.04,0.00,N/A
162.159.7.233,4,4,0.00,567.60,0.00,N/A
104.18.168.69,4,4,0.00,568.04,0.00,N/A
104.16.254.135,4,4,0.00,570.29,0.00,N/A
104.19.91.7,4,4,0.00,571.16,0.00,N/A
162.159.58.14,4,4,0.00,571.96,0.00,N/A
104.16.197.243,4,4,0.00,572.21,0.00,N/A
104.16.194.136,4,4,0.00,575.84,0.00,N/A
104.16.209.162,4,4,0.00,576.13,0.00,N/A
104.19.163.154,4,4,0.00,577.40,0.00,N/A
162.159.14.200,4,4,0.00,577.71,0.00,N/A
104.16.224.163,4,4,0.00,578.10,0.00,N/A
104.18.169.224,4,4,0.00,578.56,0.00,N/A
104.16.220.221,4,4,0.00,578.57,0.00,N/A
104.18.186.117,4,4,0.00,579.91,0.00,N/A
104.18.179.236,4,4,0.00,580.17,0.00,N/A
162.159.12.78,4,4,0.00,581.79,0.00,N/A
104.16.198.170,4,4,0.00,581.86,0.00,N/A
104.19.34.66,4,4,0.00,582.12,0.00,N/A
172.64.97.119,4,4,0.00,582.53,0.00,N/A
104.18.170.233,4,4,0.00,582.79,0.00,N/A
104.16.192.45,4,4,0.00,583.02,0.00,N/A
172.64.66.11,4,4,0.00,583.52,0.00,N/A
104.19.114.66,4,4,0.00,583.81,0.00,N/A
104.19.27.22,4,4,0.00,583.87,0.00,N/A
104.17.64.192,4,4,0.00,584.57,0.00,N/A
104.19.38.15,4,4,0.00,584.67,0.00,N/A
162.159.18.14,4,4,0.00,585.17,0.00,N/A
104.19.99.210,4,4,0.00,585.68,0.00,N/A
104.18.215.116,4,4,0.00,586.87,0.00,N/A
104.16.169.92,4,4,0.00,586.92,0.00,N/A
104.17.8.159,4,4,0.00,587.72,0.00,N/A
104.16.191.31,4,4,0.00,587.95,0.00,N/A
104.16.217.199,4,4,0.00,588.11,0.00,N/A
104.16.248.212,4,4,0.00,589.75,0.00,N/A
104.16.244.85,4,4,0.00,590.49,0.00,N/A
104.17.16.48,4,4,0.00,591.26,0.00,N/A
104.17.21.180,4,4,0.00,591.65,0.00,N/A
104.18.196.125,4,4,0.00,591.87,0.00,N/A
104.16.212.195,4,4,0.00,593.11,0.00,N/A
104.16.170.8,4,4,0.00,593.85,0.00,N/A
104.18.191.101,4,4,0.00,594.44,0.00,N/A
162.159.49.238,4,4,0.00,595.88,0.00,N/A
104.16.246.164,4,4,0.00,597.61,0.00,N/A
104.18.252.168,4,4,0.00,598.33,0.00,N/A
104.17.33.113,4,4,0.00,598.46,0.00,N/A
104.19.74.40,4,4,0.00,604.68,0.00,N/A
190.93.246.202,4,4,0.00,605.10,0.00,N/A
104.16.177.131,4,4,0.00,605.11,0.00,N/A
104.19.12.104,4,4,0.00,605.41,0.00,N/A
108.162.193.23,4,4,0.00,605.63,0.00,N/A
104.17.20.206,4,4,0.00,605.92,0.00,N/A
104.17.35.242,4,4,0.00,607.15,0.00,N/A
104.16.235.39,4,4,0.00,611.13,0.00,N/A
104.17.3.178,4,4,0.00,611.69,0.00,N/A
104.16.225.252,4,4,0.00,611.97,0.00,N/A
162.159.9.102,4,4,0.00,613.50,0.00,N/A
172.64.92.149,4,4,0.00,613.57,0.00,N/A
172.64.48.154,4,4,0.00,614.98,0.00,N/A
104.17.4.92,4,4,0.00,615.09,0.00,N/A
104.16.206.236,4,4,0.00,615.61,0.00,N/A
104.17.28.204,4,4,0.00,616.50,0.00,N/A
104.18.221.104,4,4,0.00,616.82,0.00,N/A
104.16.229.0,4,4,0.00,617.52,0.00,N/A
104.17.59.252,4,4,0.00,620.07,0.00,N/A
104.17.18.205,4,4,0.00,620.17,0.00,N/A
104.18.250.62,4,4,0.00,620.89,0.00,N/A
104.18.178.135,4,4,0.00,625.20,0.00,N/A
104.19.79.196,4,4,0.00,625.25,0.00,N/A
172.64.35.209,4,4,0.00,625.40,0.00,N/A
104.19.84.197,4,4,0.00,625.80,0.00,N/A
172.64.38.197,4,4,0.00,627.30,0.00,N/A
104.16.171.25,4,4,0.00,627.65,0.00,N/A
104.19.62.87,4,4,0.00,633.98,0.00,N/A
172.64.32.85,4,4,0.00,634.58,0.00,N/A
172.64.46.189,4,4,0.00,634.74,0.00,N/A
104.16.208.69,4,4,0.00,635.23,0.00,N/A
198.41.202.6,4,4,0.00,638.37,0.00,N/A
104.16.183.109,4,4,0.00,638.88,0.00,N/A
104.16.253.38,4,4,0.00,640.94,0.00,N/A
104.16.181.102,4,4,0.00,644.48,0.00,N/A
104.16.228.120,4,4,0.00,647.56,0.00,N/A
104.16.249.8,4,4,0.00,665.88,0.00,N/A
172.64.36.173,4,4,0.00,673.30,0.00,N/A
104.27.122.250,4,3,0.25,182.14,0.00,N/A
104.27.108.143,4,3,0.25,185.94,0.00,N/A
104.27.200.96,4,3,0.25,189.79,0.00,N/A
104.27.115.117,4,3,0.25,195.08,0.00,N/A
104.27.197.107,4,3,0.25,195.52,0.00,N/A
104.27.202.53,4,3,0.25,196.06,0.00,N/A
104.27.206.108,4,3,0.25,206.77,0.00,N/A
172.66.152.252,4,3,0.25,213.31,0.00,N/A
104.27.204.56,4,3,0.25,213.56,0.00,N/A
104.27.86.5,4,3,0.25,218.02,0.00,N/A
172.67.91.228,4,3,0.25,218.48,0.00,N/A
104.27.196.96,4,3,0.25,227.40,0.00,N/A
104.27.192.201,4,3,0.25,232.58,0.00,N/A
104.27.116.145,4,3,0.25,236.02,0.00,N/A
104.27.107.57,4,3,0.25,237.06,0.00,N/A
104.27.201.80,4,3,0.25,248.40,0.00,N/A
104.27.194.40,4,3,0.25,249.79,0.00,N/A
104.27.198.53,4,3,0.25,251.52,0.00,N/A
104.27.195.38,4,3,0.25,253.44,0.00,N/A
172.67.102.214,4,3,0.25,278.71,0.00,N/A
104.27.102.136,4,3,0.25,281.19,0.00,N/A
172.65.252.26,4,3,0.25,284.48,0.00,N/A
104.27.34.38,4,3,0.25,289.14,0.00,N/A
104.27.47.0,4,3,0.25,290.99,0.00,N/A
172.65.180.222,4,3,0.25,294.94,0.00,N/A
104.27.58.83,4,3,0.25,295.11,0.00,N/A
104.27.96.96,4,3,0.25,309.36,0.00,N/A
104.27.33.110,4,3,0.25,317.35,0.00,N/A
104.27.35.124,4,3,0.25,320.63,0.00,N/A
104.27.87.244,4,3,0.25,325.16,0.00,N/A
172.67.96.170,4,3,0.25,327.30,0.00,N/A
104.21.211.188,4,3,0.25,334.14,0.00,N/A
104.24.241.239,4,3,0.25,347.11,0.00,N/A
104.21.192.162,4,3,0.25,348.83,0.00,N/A
104.24.206.93,4,3,0.25,351.10,0.00,N/A
104.25.85.33,4,3,0.25,358.19,0.00,N/A
104.21.197.185,4,3,0.25,359.30,0.00,N/A
104.25.84.173,4,3,0.25,360.35,0.00,N/A
104.21.203.43,4,3,0.25,362.18,0.00,N/A
104.27.43.217,4,3,0.25,362.28,0.00,N/A
104.24.158.184,4,3,0.25,362.37,0.00,N/A
104.21.201.250,4,3,0.25,364.66,0.00,N/A
104.26.6.100,4,3,0.25,365.25,0.00,N/A
104.25.227.218,4,3,0.25,373.09,0.00,N/A
104.29.159.112,4,3,0.25,375.75,0.00,N/A
104.25.245.11,4,3,0.25,377.42,0.00,N/A
104.19.129.139,4,3,0.25,382.25,0.00,N/A
104.27.53.17,4,3,0.25,384.19,0.00,N/A
172.67.97.241,4,3,0.25,384.35,0.00,N/A
104.25.228.235,4,3,0.25,386.02,0.00,N/A
162.159.253.147,4,3,0.25,386.27,0.00,N/A
104.25.16.153,4,3,0.25,387.74,0.00,N/A
104.25.20.168,4,3,0.25,387.95,0.00,N/A
162.159.39.69,4,3,0.25,388.23,0.00,N/A
104.25.79.170,4,3,0.25,393.60,0.00,N/A
172.65.235.54,4,3,0.25,394.17,0.00,N/A
172.65.250.198,4,3,0.25,395.61,0.00,N/A
104.25.10.49,4,3,0.25,395.62,0.00,N/A
172.65.238.123,4,3,0.25,396.38,0.00,N/A
104.24.18.224,4,3,0.25,396.95,0.00,N/A
104.25.82.183,4,3,0.25,400.06,0.00,N/A
104.27.42.38,4,3,0.25,400.98,0.00,N/A
104.25.220.36,4,3,0.25,401.65,0.00,N/A
104.25.66.175,4,3,0.25,403.58,0.00,N/A
104.25.6.189,4,3,0.25,404.65,0.00,N/A
172.67.79.38,4,3,0.25,408.34,0.00,N/A
104.27.46.129,4,3,0.25,410.03,0.00,N/A
172.65.226.52,4,3,0.25,412.01,0.00,N/A
104.21.16.207,4,3,0.25,413.89,0.00,N/A
104.25.218.155,4,3,0.25,414.86,0.00,N/A
104.21.71.26,4,3,0.25,414.88,0.00,N/A
104.24.231.101,4,3,0.25,417.28,0.00,N/A
104.25.141.162,4,3,0.25,418.07,0.00,N/A
104.21.19.29,4,3,0.25,418.28,0.00,N/A
172.65.181.162,4,3,0.25,419.19,0.00,N/A
104.21.85.245,4,3,0.25,419.55,0.00,N/A
104.23.137.80,4,3,0.25,420.32,0.00,N/A
104.21.94.46,4,3,0.25,421.38,0.00,N/A
104.23.132.151,4,3,0.25,421.46,0.00,N/A
104.21.5.18,4,3,0.25,421.73,0.00,N/A
172.65.175.23,4,3,0.25,421.85,0.00,N/A
172.65.168.117,4,3,0.25,421.93,0.00,N/A
104.25.15.227,4,3,0.25,422.42,0.00,N/A
104.21.97.139,4,3,0.25,424.28,0.00,N/A
172.67.82.220,4,3,0.25,424.52,0.00,N/A
104.25.68.169,4,3,0.25,424.77,0.00,N/A
104.24.253.128,4,3,0.25,424.87,0.00,N/A
104.24.235.49,4,3,0.25,425.04,0.00,N/A
104.21.78.246,4,3,0.25,425.56,0.00,N/A
104.19.93.175,4,3,0.25,550.93,0.00,N/A
104.24.237.152,4,3,0.25,426.37,0.00,N/A
104.24.254.31,4,3,0.25,426.54,0.00,N/A
104.25.7.241,4,3,0.25,426.67,0.00,N/A
172.65.240.66,4,3,0.25,427.65,0.00,N/A
104.25.17.11,4,3,0.25,428.10,0.00,N/A
162.159.34.36,4,3,0.25,428.93,0.00,N/A
104.23.143.180,4,3,0.25,429.53,0.00,N/A
104.21.81.7,4,3,0.25,430.09,0.00,N/A
104.21.43.51,4,3,0.25,430.74,0.00,N/A
104.21.42.171,4,3,0.25,431.03,0.00,N/A
172.65.183.93,4,3,0.25,431.35,0.00,N/A
104.21.89.105,4,3,0.25,431.67,0.00,N/A
198.41.193.215,4,3,0.25,545.65,0.00,N/A
104.21.44.151,4,3,0.25,432.87,0.00,N/A
104.18.253.12,4,3,0.25,432.90,0.00,N/A
104.25.5.36,4,3,0.25,434.84,0.00,N/A
104.25.80.143,4,3,0.25,435.86,0.00,N/A
104.19.36.74,4,3,0.25,436.41,0.00,N/A
104.21.7.9,4,3,0.25,436.50,0.00,N/A
104.26.9.189,4,3,0.25,436.87,0.00,N/A
104.21.86.66,4,3,0.25,437.78,0.00,N/A
104.21.28.235,4,3,0.25,437.80,0.00,N/A
104.21.77.230,4,3,0.25,437.97,0.00,N/A
104.19.119.218,4,3,0.25,438.59,0.00,N/A
104.21.33.57,4,3,0.25,438.85,0.00,N/A
104.21.93.170,4,3,0.25,439.65,0.00,N/A
104.25.8.231,4,3,0.25,439.87,0.00,N/A
104.25.254.14,4,3,0.25,440.09,0.00,N/A
104.25.4.79,4,3,0.25,440.17,0.00,N/A
104.21.92.58,4,3,0.25,440.51,0.00,N/A
141.101.121.121,4,3,0.25,440.59,0.00,N/A
104.21.31.117,4,3,0.25,441.38,0.00,N/A
104.24.213.84,4,3,0.25,442.18,0.00,N/A
104.21.38.80,4,3,0.25,442.51,0.00,N/A
104.17.52.58,4,3,0.25,443.25,0.00,N/A
104.25.65.119,4,3,0.25,443.51,0.00,N/A
104.19.32.71,4,3,0.25,443.62,0.00,N/A
172.65.239.177,4,3,0.25,443.68,0.00,N/A
104.25.250.53,4,3,0.25,444.00,0.00,N/A
104.21.13.108,4,3,0.25,444.15,0.00,N/A
104.25.243.55,4,3,0.25,444.34,0.00,N/A
104.19.30.121,4,3,0.25,444.79,0.00,N/A
104.25.2.24,4,3,0.25,445.18,0.00,N/A
104.21.123.210,4,3,0.25,445.48,0.00,N/A
104.25.0.116,4,3,0.25,445.60,0.00,N/A
104.18.209.147,4,3,0.25,445.77,0.00,N/A
104.24.229.164,4,3,0.25,445.96,0.00,N/A
104.25.247.204,4,3,0.25,446.81,0.00,N/A
104.23.105.75,4,3,0.25,447.59,0.00,N/A
172.66.135.174,4,3,0.25,447.90,0.00,N/A
104.21.73.195,4,3,0.25,447.98,0.00,N/A
104.26.1.238,4,3,0.25,448.05,0.00,N/A
104.25.192.60,4,3,0.25,448.53,0.00,N/A
172.66.150.109,4,3,0.25,448.66,0.00,N/A
162.159.35.196,4,3,0.25,449.02,0.00,N/A
104.21.35.6,4,3,0.25,449.31,0.00,N/A
104.25.170.89,4,3,0.25,449.59,0.00,N/A
104.25.252.194,4,3,0.25,449.61,0.00,N/A
104.25.9.70,4,3,0.25,449.65,0.00,N/A
104.19.33.240,4,3,0.25,450.56,0.00,N/A
104.24.245.240,4,3,0.25,450.87,0.00,N/A
104.21.0.62,4,3,0.25,450.90,0.00,N/A
104.25.14.18,4,3,0.25,451.01,0.00,N/A
104.21.91.105,4,3,0.25,451.37,0.00,N/A
104.23.133.212,4,3,0.25,451.63,0.00,N/A
104.21.30.102,4,3,0.25,451.75,0.00,N/A
104.21.88.122,4,3,0.25,452.23,0.00,N/A
104.24.233.201,4,3,0.25,452.56,0.00,N/A
104.25.241.9,4,3,0.25,454.29,0.00,N/A
104.25.239.218,4,3,0.25,455.79,0.00,N/A
104.21.9.64,4,3,0.25,455.95,0.00,N/A
172.65.46.25,4,3,0.25,456.24,0.00,N/A
104.19.8.33,4,3,0.25,456.82,0.00,N/A
104.19.58.52,4,3,0.25,457.19,0.00,N/A
104.24.238.36,4,3,0.25,457.22,0.00,N/A
172.65.244.60,4,3,0.25,458.33,0.00,N/A
104.25.11.122,4,3,0.25,459.45,0.00,N/A
104.23.140.162,4,3,0.25,460.73,0.00,N/A
104.21.41.47,4,3,0.25,460.92,0.00,N/A
104.21.32.129,4,3,0.25,461.35,0.00,N/A
104.21.75.144,4,3,0.25,461.68,0.00,N/A
104.25.18.216,4,3,0.25,462.32,0.00,N/A
162.159.20.222,4,3,0.25,462.34,0.00,N/A
104.25.201.201,4,3,0.25,462.78,0.00,N/A
172.67.196.157,4,3,0.25,463.46,0.00,N/A
104.26.2.251,4,3,0.25,463.77,0.00,N/A
104.25.120.222,4,3,0.25,464.27,0.00,N/A
172.64.42.69,4,3,0.25,465.73,0.00,N/A
104.25.225.229,4,3,0.25,465.76,0.00,N/A
172.67.166.151,4,3,0.25,465.93,0.00,N/A
172.65.228.78,4,3,0.25,466.42,0.00,N/A
172.65.119.217,4,3,0.25,466.65,0.00,N/A
104.18.213.212,4,3,0.25,467.65,0.00,N/A
104.24.225.27,4,3,0.25,467.67,0.00,N/A
172.67.120.6,4,3,0.25,467.91,0.00,N/A
104.26.8.205,4,3,0.25,468.24,0.00,N/A
104.25.74.186,4,3,0.25,468.32,0.00,N/A
172.65.128.223,4,3,0.25,468.36,0.00,N/A
104.25.49.52,4,3,0.25,468.39,0.00,N/A
172.67.176.42,4,3,0.25,468.85,0.00,N/A
104.25.214.219,4,3,0.25,469.06,0.00,N/A
172.65.117.115,4,3,0.25,469.25,0.00,N/A
104.25.67.58,4,3,0.25,470.09,0.00,N/A
104.19.60.235,4,3,0.25,470.23,0.00,N/A
104.24.250.159,4,3,0.25,470.31,0.00,N/A
104.25.224.244,4,3,0.25,470.84,0.00,N/A
172.66.137.59,4,3,0.25,470.91,0.00,N/A
104.25.249.59,4,3,0.25,470.97,0.00,N/A
104.25.237.47,4,3,0.25,471.05,0.00,N/A
104.25.248.178,4,3,0.25,471.17,0.00,N/A
104.25.131.35,4,3,0.25,471.34,0.00,N/A
172.67.224.248,4,3,0.25,471.65,0.00,N/A
172.64.47.186,4,3,0.25,471.72,0.00,N/A
172.67.247.92,4,3,0.25,471.97,0.00,N/A
172.67.198.83,4,3,0.25,472.21,0.00,N/A
104.25.253.121,4,3,0.25,472.37,0.00,N/A
172.64.78.72,4,3,0.25,472.43,0.00,N/A
172.67.253.150,4,3,0.25,473.02,0.00,N/A
172.65.219.44,4,3,0.25,473.69,0.00,N/A
172.65.18.82,4,3,0.25,474.23,0.00,N/A
172.65.191.101,4,3,0.25,474.72,0.00,N/A
104.25.129.248,4,3,0.25,474.75,0.00,N/A
172.65.173.69,4,3,0.25,474.95,0.00,N/A
104.19.78.8,4,3,0.25,475.22,0.00,N/A
104.26.7.174,4,3,0.25,475.67,0.00,N/A
104.16.168.104,4,3,0.25,475.73,0.00,N/A
172.67.200.129,4,3,0.25,477.30,0.00,N/A
104.18.228.116,4,3,0.25,477.41,0.00,N/A
104.16.190.160,4,3,0.25,477.46,0.00,N/A
172.67.208.139,4,3,0.25,478.00,0.00,N/A
104.25.234.175,4,3,0.25,478.35,0.00,N/A
104.18.216.67,4,3,0.25,478.68,0.00,N/A
104.19.65.151,4,3,0.25,478.96,0.00,N/A
172.67.163.103,4,3,0.25,479.02,0.00,N/A
172.67.255.124,4,3,0.25,479.74,0.00,N/A
172.67.128.163,4,3,0.25,480.21,0.00,N/A
172.66.133.157,4,3,0.25,480.50,0.00,N/A
172.67.175.172,4,3,0.25,481.12,0.00,N/A
104.25.64.134,4,3,0.25,482.58,0.00,N/A
172.67.168.239,4,3,0.25,483.01,0.00,N/A
172.67.125.37,4,3,0.25,483.09,0.00,N/A
172.65.73.199,4,3,0.25,483.76,0.00,N/A
104.25.235.93,4,3,0.25,483.82,0.00,N/A
172.67.164.165,4,3,0.25,483.98,0.00,N/A
172.67.227.46,4,3,0.25,484.63,0.00,N/A
104.27.31.68,4,3,0.25,484.74,0.00,N/A
172.65.72.220,4,3,0.25,485.19,0.00,N/A
172.67.245.6,4,3,0.25,485.58,0.00,N/A
172.65.61.232,4,3,0.25,485.86,0.00,N/A
104.19.11.2,4,3,0.25,486.09,0.00,N/A
104.19.10.80,4,3,0.25,486.89,0.00,N/A
172.65.126.235,4,3,0.25,488.44,0.00,N/A
172.67.194.146,4,3,0.25,488.44,0.00,N/A
172.67.191.153,4,3,0.25,488.93,0.00,N/A
172.64.100.166,4,3,0.25,491.85,0.00,N/A
172.67.185.10,4,3,0.25,492.32,0.00,N/A
104.19.118.150,4,3,0.25,492.46,0.00,N/A
172.67.183.118,4,3,0.25,492.57,0.00,N/A
104.17.32.16,4,3,0.25,493.02,0.00,N/A
104.19.103.241,4,3,0.25,493.38,0.00,N/A
104.18.236.39,4,3,0.25,493.46,0.00,N/A
172.67.242.113,4,3,0.25,494.40,0.00,N/A
172.64.101.90,4,3,0.25,494.59,0.00,N/A
104.17.186.32,4,3,0.25,494.78,0.00,N/A
104.19.89.45,4,3,0.25,494.84,0.00,N/A
172.67.248.170,4,3,0.25,496.01,0.00,N/A
172.67.252.18,4,3,0.25,496.23,0.00,N/A
172.64.91.114,4,3,0.25,496.27,0.00,N/A
162.159.33.34,4,3,0.25,496.42,0.00,N/A
172.67.159.106,4,3,0.25,496.58,0.00,N/A
172.64.52.111,4,3,0.25,497.08,0.00,N/A
104.18.239.210,4,3,0.25,497.45,0.00,N/A
104.19.81.149,4,3,0.25,498.22,0.00,N/A
104.18.223.152,4,3,0.25,499.37,0.00,N/A
104.19.59.167,4,3,0.25,500.12,0.00,N/A
172.65.125.202,4,3,0.25,500.35,0.00,N/A
104.25.244.83,4,3,0.25,500.93,0.00,N/A
104.17.37.165,4,3,0.25,503.24,0.00,N/A
172.67.228.14,4,3,0.25,503.60,0.00,N/A
172.67.238.152,4,3,0.25,503.78,0.00,N/A
172.65.70.28,4,3,0.25,503.80,0.00,N/A
172.66.147.158,4,3,0.25,503.87,0.00,N/A
104.19.82.124,4,3,0.25,505.06,0.00,N/A
104.19.0.185,4,3,0.25,505.19,0.00,N/A
104.17.27.67,4,3,0.25,505.68,0.00,N/A
104.19.72.23,4,3,0.25,506.02,0.00,N/A
172.67.167.74,4,3,0.25,507.90,0.00,N/A
104.18.162.131,4,3,0.25,509.44,0.00,N/A
172.67.189.166,4,3,0.25,509.72,0.00,N/A
104.19.1.228,4,3,0.25,509.90,0.00,N/A
104.19.107.67,4,3,0.25,510.17,0.00,N/A
104.18.173.248,4,3,0.25,511.63,0.00,N/A
172.64.90.47,4,3,0.25,511.66,0.00,N/A
108.162.194.214,4,3,0.25,512.50,0.00,N/A
172.65.124.187,4,3,0.25,514.57,0.00,N/A
172.67.254.12,4,3,0.25,514.76,0.00,N/A
172.64.82.91,4,3,0.25,514.82,0.00,N/A
104.18.205.19,4,3,0.25,515.91,0.00,N/A
104.18.246.116,4,3,0.25,516.24,0.00,N/A
104.16.176.36,4,3,0.25,516.26,0.00,N/A
172.65.74.35,4,3,0.25,516.46,0.00,N/A
104.17.43.232,4,3,0.25,516.70,0.00,N/A
172.65.116.18,4,3,0.25,517.02,0.00,N/A
104.18.231.93,4,3,0.25,518.05,0.00,N/A
172.65.214.42,4,3,0.25,518.32,0.00,N/A
104.19.24.176,4,3,0.25,518.43,0.00,N/A
104.19.75.14,4,3,0.25,519.45,0.00,N/A
104.17.17.140,4,3,0.25,519.54,0.00,N/A
104.17.1.84,4,3,0.25,520.50,0.00,N/A
104.19.6.188,4,3,0.25,522.27,0.00,N/A
172.65.64.97,4,3,0.25,522.58,0.00,N/A
104.18.203.233,4,3,0.25,523.52,0.00,N/A
162.159.62.32,4,3,0.25,524.48,0.00,N/A
172.67.197.147,4,3,0.25,526.85,0.00,N/A
104.19.95.164,4,3,0.25,527.22,0.00,N/A
104.18.204.224,4,3,0.25,528.08,0.00,N/A
104.18.174.77,4,3,0.25,528.37,0.00,N/A
104.18.224.203,4,3,0.25,528.90,0.00,N/A
172.65.97.111,4,3,0.25,529.15,0.00,N/A
198.41.205.46,4,3,0.25,529.97,0.00,N/A
162.159.32.69,4,3,0.25,530.96,0.00,N/A
172.64.96.158,4,3,0.25,531.44,0.00,N/A
162.159.199.239,4,3,0.25,533.09,0.00,N/A
104.16.251.226,4,3,0.25,533.55,0.00,N/A
104.16.179.119,4,3,0.25,534.84,0.00,N/A
104.19.213.244,4,3,0.25,535.39,0.00,N/A
172.65.199.76,4,3,0.25,535.71,0.00,N/A
172.65.230.185,4,3,0.25,536.45,0.00,N/A
104.17.9.117,4,3,0.25,537.12,0.00,N/A
104.19.87.122,4,3,0.25,538.17,0.00,N/A
104.18.254.181,4,3,0.25,538.91,0.00,N/A
104.27.101.43,4,4,0.00,295.54,0.00,N/A
104.17.24.131,4,3,0.25,543.15,0.00,N/A
104.16.233.121,4,3,0.25,544.81,0.00,N/A
104.18.233.17,4,3,0.25,545.53,0.00,N/A
104.25.83.147,4,3,0.25,432.75,0.00,N/A
172.67.98.119,4,4,0.00,297.31,0.00,N/A
104.25.98.13,4,1,0.75,508.84,0.00,N/A
104.16.199.129,4,3,0.25,551.40,0.00,N/A
104.19.3.183,4,3,0.25,552.22,0.00,N/A
104.17.7.88,4,3,0.25,552.68,0.00,N/A
104.19.92.208,4,3,0.25,553.55,0.00,N/A
104.17.49.0,4,3,0.25,555.17,0.00,N/A
104.19.94.238,4,3,0.25,557.11,0.00,N/A
104.18.230.168,4,3,0.25,557.37,0.00,N/A
104.17.69.85,4,3,0.25,558.73,0.00,N/A
172.65.232.140,4,3,0.25,559.19,0.00,N/A
104.16.185.41,4,3,0.25,563.98,0.00,N/A
104.16.203.185,4,3,0.25,568.98,0.00,N/A
104.17.26.72,4,3,0.25,571.00,0.00,N/A
104.19.127.59,4,3,0.25,571.00,0.00,N/A
172.65.245.14,4,3,0.25,571.01,0.00,N/A
162.159.51.166,4,3,0.25,572.47,0.00,N/A
104.18.171.153,4,3,0.25,573.30,0.00,N/A
104.17.62.191,4,3,0.25,574.78,0.00,N/A
104.16.222.85,4,3,0.25,575.37,0.00,N/A
104.18.188.153,4,3,0.25,575.46,0.00,N/A
104.19.97.193,4,3,0.25,575.74,0.00,N/A
104.17.70.153,4,3,0.25,578.70,0.00,N/A
104.17.14.16,4,3,0.25,578.71,0.00,N/A
104.16.200.201,4,3,0.25,578.84,0.00,N/A
104.19.115.42,4,3,0.25,582.49,0.00,N/A
104.16.201.129,4,3,0.25,582.57,0.00,N/A
104.16.178.218,4,3,0.25,584.44,0.00,N/A
104.17.54.193,4,3,0.25,584.57,0.00,N/A
162.159.27.57,4,3,0.25,586.78,0.00,N/A
104.19.66.16,4,3,0.25,588.27,0.00,N/A
104.18.251.180,4,3,0.25,590.69,0.00,N/A
162.159.11.36,4,3,0.25,591.95,0.00,N/A
104.18.166.41,4,3,0.25,592.60,0.00,N/A
104.16.226.249,4,3,0.25,593.04,0.00,N/A
104.19.124.198,4,3,0.25,593.64,0.00,N/A
104.19.4.73,4,3,0.25,593.85,0.00,N/A
104.16.231.139,4,3,0.25,596.23,0.00,N/A
104.18.176.54,4,3,0.25,597.10,0.00,N/A
104.19.31.242,4,3,0.25,601.85,0.00,N/A
162.159.36.132,4,3,0.25,604.18,0.00,N/A
104.18.163.216,4,3,0.25,605.20,0.00,N/A
104.19.116.111,4,3,0.25,605.63,0.00,N/A
104.18.227.14,4,3,0.25,606.54,0.00,N/A
104.18.183.172,4,3,0.25,606.92,0.00,N/A
104.16.232.95,4,3,0.25,607.15,0.00,N/A
162.159.6.160,4,3,0.25,609.94,0.00,N/A
104.19.106.167,4,3,0.25,610.31,0.00,N/A
104.18.164.33,4,3,0.25,611.69,0.00,N/A
172.65.223.216,4,3,0.25,612.27,0.00,N/A
104.16.196.144,4,3,0.25,614.46,0.00,N/A
104.18.181.106,4,3,0.25,615.66,0.00,N/A
104.16.227.228,4,3,0.25,616.00,0.00,N/A
104.18.177.43,4,3,0.25,617.42,0.00,N/A
104.16.252.171,4,3,0.25,617.95,0.00,N/A
104.17.0.172,4,3,0.25,618.31,0.00,N/A
104.16.182.253,4,3,0.25,622.45,0.00,N/A
104.16.189.4,4,3,0.25,622.55,0.00,N/A
162.159.15.214,4,3,0.25,624.08,0.00,N/A
104.17.65.90,4,3,0.25,624.76,0.00,N/A
104.16.223.25,4,3,0.25,628.46,0.00,N/A
104.18.180.4,4,3,0.25,629.12,0.00,N/A
190.93.245.34,4,3,0.25,629.77,0.00,N/A
104.19.112.142,4,3,0.25,631.72,0.00,N/A
162.159.21.179,4,3,0.25,631.84,0.00,N/A
104.17.214.242,4,3,0.25,636.97,0.00,N/A
162.159.13.84,4,3,0.25,638.85,0.00,N/A
104.17.61.26,4,3,0.25,642.51,0.00,N/A
104.16.211.5,4,3,0.25,647.60,0.00,N/A
104.18.175.230,4,3,0.25,651.11,0.00,N/A
141.101.115.203,4,3,0.25,655.87,0.00,N/A
104.16.234.232,4,3,0.25,658.72,0.00,N/A
172.64.53.176,4,3,0.25,663.18,0.00,N/A
172.64.79.214,4,3,0.25,663.44,0.00,N/A
104.19.96.221,4,3,0.25,666.73,0.00,N/A
198.41.214.59,4,3,0.25,670.49,0.00,N/A
104.16.175.1,4,3,0.25,671.47,0.00,N/A
104.16.180.141,4,3,0.25,674.85,0.00,N/A
172.64.94.199,4,3,0.25,677.59,0.00,N/A
172.64.49.167,4,3,0.25,682.61,0.00,N/A
172.64.41.160,4,3,0.25,687.93,0.00,N/A
104.17.2.212,4,3,0.25,691.29,0.00,N/A
104.17.45.21,4,3,0.25,693.91,0.00,N/A
190.93.247.10,4,3,0.25,700.77,0.00,N/A
104.27.12.102,4,2,0.50,168.44,0.00,N/A
104.27.62.183,4,2,0.50,174.97,0.00,N/A
104.27.119.133,4,2,0.50,187.08,0.00,N/A
172.67.109.252,4,2,0.50,191.80,0.00,N/A
104.27.61.140,4,2,0.50,194.47,0.00,N/A
104.27.112.222,4,2,0.50,198.62,0.00,N/A
104.27.117.142,4,2,0.50,204.91,0.00,N/A
104.27.118.22,4,2,0.50,209.10,0.00,N/A
104.27.92.82,4,2,0.50,212.15,0.00,N/A
104.27.114.108,4,2,0.50,212.82,0.00,N/A
172.65.165.155,4,2,0.50,223.94,0.00,N/A
172.67.87.116,4,2,0.50,225.57,0.00,N/A
172.65.145.208,4,2,0.50,230.83,0.00,N/A
172.65.154.41,4,2,0.50,235.59,0.00,N/A
172.65.212.41,4,2,0.50,267.43,0.00,N/A
104.27.65.225,4,2,0.50,290.07,0.00,N/A
104.26.10.70,4,2,0.50,299.05,0.00,N/A
172.65.221.65,4,2,0.50,301.07,0.00,N/A
104.25.215.15,4,2,0.50,311.82,0.00,N/A
172.67.94.189,4,2,0.50,318.62,0.00,N/A
104.25.212.248,4,2,0.50,324.27,0.00,N/A
104.25.246.7,4,2,0.50,326.30,0.00,N/A
172.65.123.175,4,2,0.50,329.99,0.00,N/A
172.67.115.73,4,2,0.50,330.13,0.00,N/A
104.27.99.55,4,2,0.50,331.38,0.00,N/A
172.67.114.108,4,2,0.50,332.17,0.00,N/A
104.26.12.142,4,2,0.50,332.47,0.00,N/A
172.65.157.107,4,2,0.50,332.56,0.00,N/A
104.25.236.0,4,2,0.50,334.03,0.00,N/A
104.25.207.6,4,2,0.50,334.85,0.00,N/A
104.25.197.212,4,2,0.50,340.24,0.00,N/A
104.26.11.151,4,2,0.50,341.53,0.00,N/A
104.25.232.33,4,2,0.50,343.59,0.00,N/A
104.18.117.121,4,2,0.50,343.66,0.00,N/A
104.27.60.26,4,2,0.50,344.02,0.00,N/A
104.25.242.83,4,2,0.50,346.89,0.00,N/A
172.65.179.172,4,2,0.50,347.50,0.00,N/A
172.65.200.99,4,2,0.50,347.93,0.00,N/A
104.25.182.91,4,2,0.50,348.29,0.00,N/A
104.27.49.223,4,2,0.50,349.03,0.00,N/A
104.27.91.224,4,2,0.50,349.19,0.00,N/A
172.67.93.40,4,2,0.50,357.71,0.00,N/A
172.65.174.110,4,2,0.50,360.88,0.00,N/A
172.65.210.216,4,2,0.50,361.24,0.00,N/A
104.25.233.185,4,2,0.50,361.25,0.00,N/A
172.67.92.99,4,2,0.50,362.58,0.00,N/A
104.24.232.21,4,2,0.50,362.76,0.00,N/A
172.65.144.65,4,2,0.50,363.59,0.00,N/A
104.25.255.7,4,2,0.50,364.73,0.00,N/A
104.27.57.26,4,2,0.50,367.17,0.00,N/A
104.25.176.128,4,2,0.50,368.38,0.00,N/A
172.65.115.238,4,2,0.50,368.44,0.00,N/A
172.65.170.86,4,2,0.50,368.60,0.00,N/A
172.65.143.157,4,2,0.50,372.33,0.00,N/A
172.66.195.130,4,2,0.50,372.38,0.00,N/A
104.25.183.135,4,2,0.50,373.34,0.00,N/A
172.67.116.119,4,2,0.50,373.72,0.00,N/A
104.27.103.121,4,2,0.50,376.68,0.00,N/A
104.24.227.3,4,2,0.50,377.37,0.00,N/A
104.19.40.223,4,2,0.50,383.39,0.00,N/A
104.19.130.97,4,2,0.50,384.91,0.00,N/A
104.19.128.104,4,2,0.50,386.22,0.00,N/A
172.65.182.177,4,2,0.50,386.37,0.00,N/A
104.23.129.181,4,2,0.50,386.58,0.00,N/A
172.65.112.109,4,2,0.50,387.70,0.00,N/A
104.24.226.123,4,2,0.50,387.87,0.00,N/A
104.19.131.132,4,2,0.50,388.92,0.00,N/A
104.24.234.136,4,2,0.50,389.55,0.00,N/A
104.19.133.102,4,2,0.50,390.37,0.00,N/A
162.159.56.15,4,2,0.50,390.37,0.00,N/A
104.19.132.23,4,2,0.50,390.62,0.00,N/A
104.25.63.166,4,2,0.50,398.60,0.00,N/A
104.21.195.14,4,2,0.50,401.75,0.00,N/A
104.18.248.53,4,2,0.50,404.47,0.00,N/A
104.21.1.72,4,2,0.50,404.50,0.00,N/A
104.25.81.236,4,2,0.50,405.53,0.00,N/A
104.21.72.11,4,2,0.50,410.18,0.00,N/A
104.21.10.228,4,2,0.50,411.14,0.00,N/A
172.65.255.68,4,2,0.50,414.05,0.00,N/A
162.159.1.79,4,2,0.50,415.10,0.00,N/A
104.24.197.13,4,2,0.50,417.11,0.00,N/A
104.25.117.166,4,2,0.50,418.64,0.00,N/A
104.25.186.105,4,2,0.50,419.25,0.00,N/A
104.23.130.126,4,2,0.50,420.21,0.00,N/A
104.21.45.7,4,2,0.50,420.41,0.00,N/A
104.21.95.171,4,2,0.50,420.85,0.00,N/A
104.25.21.197,4,2,0.50,421.77,0.00,N/A
104.25.187.148,4,2,0.50,423.74,0.00,N/A
104.21.125.91,4,2,0.50,424.20,0.00,N/A
104.24.221.163,4,2,0.50,425.53,0.00,N/A
104.23.125.80,4,2,0.50,426.97,0.00,N/A
104.21.98.61,4,2,0.50,427.41,0.00,N/A
104.23.127.67,4,2,0.50,427.52,0.00,N/A
104.23.126.151,4,2,0.50,427.79,0.00,N/A
104.21.6.6,4,2,0.50,428.33,0.00,N/A
104.25.13.42,4,2,0.50,429.66,0.00,N/A
104.25.223.33,4,2,0.50,430.18,0.00,N/A
104.25.138.51,4,2,0.50,431.50,0.00,N/A
104.21.62.43,4,2,0.50,431.67,0.00,N/A
104.21.8.197,4,2,0.50,433.83,0.00,N/A
104.21.116.181,4,2,0.50,434.47,0.00,N/A
104.21.90.133,4,2,0.50,434.62,0.00,N/A
104.25.188.34,4,2,0.50,434.80,0.00,N/A
104.21.3.178,4,2,0.50,435.69,0.00,N/A
104.21.48.76,4,2,0.50,438.09,0.00,N/A
104.21.87.83,4,2,0.50,440.20,0.00,N/A
104.24.228.208,4,2,0.50,440.28,0.00,N/A
104.25.185.122,4,2,0.50,441.48,0.00,N/A
104.25.204.125,4,2,0.50,442.22,0.00,N/A
172.66.141.240,4,2,0.50,444.05,0.00,N/A
104.25.115.38,4,2,0.50,444.41,0.00,N/A
104.21.23.236,4,2,0.50,444.71,0.00,N/A
104.25.200.202,4,2,0.50,447.41,0.00,N/A
104.18.15.31,4,2,0.50,447.41,0.00,N/A
104.20.47.37,4,2,0.50,448.20,0.00,N/A
104.25.51.197,4,2,0.50,448.23,0.00,N/A
104.24.219.135,4,2,0.50,450.34,0.00,N/A
104.25.3.214,4,2,0.50,451.09,0.00,N/A
104.21.60.186,4,2,0.50,451.28,0.00,N/A
104.25.43.134,4,2,0.50,451.59,0.00,N/A
104.24.207.191,4,2,0.50,451.90,0.00,N/A
104.25.105.104,4,2,0.50,453.07,0.00,N/A
104.25.50.83,4,2,0.50,453.39,0.00,N/A
104.21.65.157,4,2,0.50,453.57,0.00,N/A
172.66.132.157,4,2,0.50,454.37,0.00,N/A
172.67.80.217,4,2,0.50,454.51,0.00,N/A
104.21.68.155,4,2,0.50,454.83,0.00,N/A
172.66.128.25,4,2,0.50,454.84,0.00,N/A
104.18.190.227,4,2,0.50,455.10,0.00,N/A
104.25.59.219,4,2,0.50,455.23,0.00,N/A
104.18.195.163,4,2,0.50,455.62,0.00,N/A
104.21.83.94,4,2,0.50,456.40,0.00,N/A
104.21.64.243,4,2,0.50,456.47,0.00,N/A
172.66.159.145,4,2,0.50,457.84,0.00,N/A
104.17.34.246,4,2,0.50,457.91,0.00,N/A
104.24.223.90,4,2,0.50,458.41,0.00,N/A
104.16.214.115,4,2,0.50,458.59,0.00,N/A
104.21.74.103,4,2,0.50,460.01,0.00,N/A
104.24.230.83,4,2,0.50,460.92,0.00,N/A
104.19.110.125,4,2,0.50,462.15,0.00,N/A
104.25.210.145,4,2,0.50,462.26,0.00,N/A
104.24.218.185,4,2,0.50,463.43,0.00,N/A
104.25.181.134,4,2,0.50,463.49,0.00,N/A
172.67.139.117,4,2,0.50,463.87,0.00,N/A
172.67.165.18,4,2,0.50,464.21,0.00,N/A
104.19.61.92,4,2,0.50,466.03,0.00,N/A
104.25.195.35,4,2,0.50,466.40,0.00,N/A
104.21.99.194,4,2,0.50,466.53,0.00,N/A
104.25.42.246,4,2,0.50,468.37,0.00,N/A
104.24.220.223,4,2,0.50,468.95,0.00,N/A
172.67.222.102,4,2,0.50,469.15,0.00,N/A
104.25.173.101,4,2,0.50,470.10,0.00,N/A
104.25.103.132,4,2,0.50,472.71,0.00,N/A
104.24.22.84,4,2,0.50,473.23,0.00,N/A
172.65.102.15,4,2,0.50,474.83,0.00,N/A
104.25.62.232,4,2,0.50,474.99,0.00,N/A
172.67.173.20,4,2,0.50,475.13,0.00,N/A
104.25.61.253,4,2,0.50,475.80,0.00,N/A
104.25.190.120,4,2,0.50,476.07,0.00,N/A
104.25.122.236,4,2,0.50,476.15,0.00,N/A
172.65.27.74,4,2,0.50,476.17,0.00,N/A
104.25.60.117,4,2,0.50,476.50,0.00,N/A
172.66.201.107,4,2,0.50,477.65,0.00,N/A
172.67.187.91,4,2,0.50,478.03,0.00,N/A
172.67.182.161,4,2,0.50,478.62,0.00,N/A
104.21.4.118,4,2,0.50,479.40,0.00,N/A
172.67.74.56,4,2,0.50,480.00,0.00,N/A
104.16.111.214,4,2,0.50,480.02,0.00,N/A
172.67.226.156,4,2,0.50,480.17,0.00,N/A
104.25.191.57,4,2,0.50,480.50,0.00,N/A
104.19.67.195,4,2,0.50,480.51,0.00,N/A
104.17.44.95,4,2,0.50,480.62,0.00,N/A
172.67.220.109,4,2,0.50,481.88,0.00,N/A
172.65.161.115,4,2,0.50,481.94,0.00,N/A
172.65.60.247,4,2,0.50,482.46,0.00,N/A
162.159.40.34,4,2,0.50,482.88,0.00,N/A
104.25.1.82,4,2,0.50,483.44,0.00,N/A
104.18.172.214,4,2,0.50,483.56,0.00,N/A
104.25.76.145,4,2,0.50,486.50,0.00,N/A
172.67.146.157,4,2,0.50,486.95,0.00,N/A
172.67.186.219,4,2,0.50,487.65,0.00,N/A
172.67.95.199,4,2,0.50,488.61,0.00,N/A
172.67.126.245,4,2,0.50,488.67,0.00,N/A
172.67.188.137,4,2,0.50,488.86,0.00,N/A
172.67.162.230,4,2,0.50,489.13,0.00,N/A
162.159.24.239,4,2,0.50,489.20,0.00,N/A
172.65.62.21,4,2,0.50,489.51,0.00,N/A
172.67.214.146,4,2,0.50,490.67,0.00,N/A
172.67.174.61,4,2,0.50,490.69,0.00,N/A
172.65.58.189,4,2,0.50,491.12,0.00,N/A
172.67.177.23,4,2,0.50,491.32,0.00,N/A
172.67.232.35,4,2,0.50,491.68,0.00,N/A
172.65.140.5,4,2,0.50,492.08,0.00,N/A
172.67.231.100,4,2,0.50,493.15,0.00,N/A
104.17.38.119,4,2,0.50,493.43,0.00,N/A
172.67.251.33,4,2,0.50,493.95,0.00,N/A
172.65.247.221,4,2,0.50,494.35,0.00,N/A
172.65.17.169,4,2,0.50,494.49,0.00,N/A
172.67.147.86,4,2,0.50,495.13,0.00,N/A
172.67.178.151,4,2,0.50,495.33,0.00,N/A
172.67.108.111,4,2,0.50,495.73,0.00,N/A
104.19.39.220,4,2,0.50,495.89,0.00,N/A
104.30.129.166,4,2,0.50,496.54,0.00,N/A
104.19.21.91,4,2,0.50,497.12,0.00,N/A
172.67.99.143,4,2,0.50,497.67,0.00,N/A
172.67.213.6,4,2,0.50,497.92,0.00,N/A
104.17.116.179,4,2,0.50,498.34,0.00,N/A
172.66.130.203,4,2,0.50,498.72,0.00,N/A
172.67.179.207,4,2,0.50,500.31,0.00,N/A
172.67.157.54,4,2,0.50,501.35,0.00,N/A
172.65.66.194,4,2,0.50,501.71,0.00,N/A
172.66.129.203,4,2,0.50,501.94,0.00,N/A
172.67.110.168,4,2,0.50,502.10,0.00,N/A
104.27.193.62,4,2,0.50,502.21,0.00,N/A
104.19.25.104,4,2,0.50,503.36,0.00,N/A
172.64.84.4,4,2,0.50,503.52,0.00,N/A
172.65.242.102,4,2,0.50,503.69,0.00,N/A
172.65.222.153,4,2,0.50,503.79,0.00,N/A
172.67.158.8,4,2,0.50,505.31,0.00,N/A
172.67.233.136,4,2,0.50,505.96,0.00,N/A
104.19.123.94,4,2,0.50,506.00,0.00,N/A
172.67.135.135,4,2,0.50,506.66,0.00,N/A
104.17.19.20,4,2,0.50,506.68,0.00,N/A
104.17.36.218,4,2,0.50,507.28,0.00,N/A
172.67.219.248,4,2,0.50,507.31,0.00,N/A
104.19.7.193,4,2,0.50,507.37,0.00,N/A
173.245.49.126,4,2,0.50,507.63,0.00,N/A
162.159.26.69,4,2,0.50,507.67,0.00,N/A
141.101.120.0,4,2,0.50,508.70,0.00,N/A
172.67.218.154,4,2,0.50,509.41,0.00,N/A
172.65.82.34,4,2,0.50,509.76,0.00,N/A
172.67.180.243,4,2,0.50,509.99,0.00,N/A
172.64.87.187,4,2,0.50,510.41,0.00,N/A
162.159.17.50,4,2,0.50,510.42,0.00,N/A
172.65.55.168,4,2,0.50,511.41,0.00,N/A
172.67.205.10,4,2,0.50,511.41,0.00,N/A
172.65.54.233,4,2,0.50,512.27,0.00,N/A
172.67.151.77,4,2,0.50,512.35,0.00,N/A
104.18.219.143,4,2,0.50,513.01,0.00,N/A
172.67.201.153,4,2,0.50,513.94,0.00,N/A
141.101.123.231,4,2,0.50,514.35,0.00,N/A
172.67.210.40,4,2,0.50,514.60,0.00,N/A
172.66.47.112,4,2,0.50,515.33,0.00,N/A
104.19.23.201,4,2,0.50,515.53,0.00,N/A
162.159.5.42,4,2,0.50,515.75,0.00,N/A
172.67.221.135,4,2,0.50,516.92,0.00,N/A
172.67.111.42,4,2,0.50,516.94,0.00,N/A
104.17.31.123,4,2,0.50,517.85,0.00,N/A
104.19.122.95,4,2,0.50,518.11,0.00,N/A
172.67.86.84,4,2,0.50,518.50,0.00,N/A
172.65.121.230,4,2,0.50,519.05,0.00,N/A
104.17.55.153,4,2,0.50,519.10,0.00,N/A
104.17.56.222,4,2,0.50,519.10,0.00,N/A
104.18.208.128,4,2,0.50,519.96,0.00,N/A
104.19.121.197,4,2,0.50,521.17,0.00,N/A
172.67.85.222,4,2,0.50,522.31,0.00,N/A
172.65.129.142,4,2,0.50,522.66,0.00,N/A
141.101.113.194,4,2,0.50,523.41,0.00,N/A
172.65.92.79,4,2,0.50,525.61,0.00,N/A
172.67.84.161,4,2,0.50,526.33,0.00,N/A
172.65.185.222,4,2,0.50,526.87,0.00,N/A
172.67.156.126,4,2,0.50,527.65,0.00,N/A
104.18.187.32,4,2,0.50,527.98,0.00,N/A
172.65.190.218,4,2,0.50,528.25,0.00,N/A
172.65.207.164,4,2,0.50,528.81,0.00,N/A
190.93.244.241,4,2,0.50,531.22,0.00,N/A
172.65.159.199,4,2,0.50,531.84,0.00,N/A
172.67.103.227,4,2,0.50,531.91,0.00,N/A
104.17.22.251,4,2,0.50,533.21,0.00,N/A
104.19.56.74,4,2,0.50,535.07,0.00,N/A
172.66.136.181,4,2,0.50,535.33,0.00,N/A
172.65.172.93,4,2,0.50,535.53,0.00,N/A
104.31.0.28,4,2,0.50,535.65,0.00,N/A
172.67.144.55,4,2,0.50,536.62,0.00,N/A
104.18.206.109,4,2,0.50,536.66,0.00,N/A
104.19.105.219,4,2,0.50,538.98,0.00,N/A
172.66.175.222,4,2,0.50,540.11,0.00,N/A
104.18.182.6,4,2,0.50,540.60,0.00,N/A
104.17.134.167,4,2,0.50,540.93,0.00,N/A
172.65.249.118,4,2,0.50,546.49,0.00,N/A
104.17.50.15,4,2,0.50,546.80,0.00,N/A
104.19.231.105,4,2,0.50,547.67,0.00,N/A
104.17.41.175,4,2,0.50,550.66,0.00,N/A
104.18.232.165,4,2,0.50,550.98,0.00,N/A
104.17.13.147,4,2,0.50,551.43,0.00,N/A
104.19.35.1,4,2,0.50,552.14,0.00,N/A
104.19.125.25,4,2,0.50,552.69,0.00,N/A
104.17.12.56,4,2,0.50,553.12,0.00,N/A
104.17.10.242,4,2,0.50,555.36,0.00,N/A
172.65.253.142,4,2,0.50,555.89,0.00,N/A
104.17.48.162,4,2,0.50,555.95,0.00,N/A
172.65.229.90,4,2,0.50,559.06,0.00,N/A
104.19.71.129,4,2,0.50,559.85,0.00,N/A
104.18.220.171,4,2,0.50,566.45,0.00,N/A
104.18.222.199,4,2,0.50,566.50,0.00,N/A
104.19.26.34,4,2,0.50,567.88,0.00,N/A
172.64.86.37,4,2,0.50,568.76,0.00,N/A
172.65.194.67,4,2,0.50,568.79,0.00,N/A
104.17.29.177,4,2,0.50,570.40,0.00,N/A
104.18.198.190,4,2,0.50,570.40,0.00,N/A
104.19.80.154,4,2,0.50,571.23,0.00,N/A
104.18.229.132,4,2,0.50,573.23,0.00,N/A
172.66.44.28,4,2,0.50,573.95,0.00,N/A
172.64.89.60,4,2,0.50,575.16,0.00,N/A
198.41.208.100,4,2,0.50,576.70,0.00,N/A
103.21.244.25,4,2,0.50,576.84,0.00,N/A
104.19.126.31,4,2,0.50,577.31,0.00,N/A
104.18.241.229,4,2,0.50,577.57,0.00,N/A
104.18.234.223,4,2,0.50,582.10,0.00,N/A
104.19.195.64,4,2,0.50,582.76,0.00,N/A
198.41.219.210,4,2,0.50,583.53,0.00,N/A
104.16.230.208,4,2,0.50,585.47,0.00,N/A
104.17.23.194,4,2,0.50,586.16,0.00,N/A
172.65.209.221,4,2,0.50,588.04,0.00,N/A
104.17.58.189,4,2,0.50,588.23,0.00,N/A
172.64.83.215,4,2,0.50,590.08,0.00,N/A
104.17.25.119,4,2,0.50,594.38,0.00,N/A
162.159.48.83,4,2,0.50,598.38,0.00,N/A
104.16.186.253,4,2,0.50,600.30,0.00,N/A
104.18.32.35,4,2,0.50,604.95,0.00,N/A
172.64.33.221,4,2,0.50,605.66,0.00,N/A
172.64.34.58,4,2,0.50,606.13,0.00,N/A
104.18.189.248,4,2,0.50,608.62,0.00,N/A
104.18.199.142,4,2,0.50,611.12,0.00,N/A
104.17.47.185,4,2,0.50,620.00,0.00,N/A
104.17.68.227,4,2,0.50,620.89,0.00,N/A
104.16.184.35,4,2,0.50,624.67,0.00,N/A
104.19.2.2,4,2,0.50,628.55,0.00,N/A
104.17.66.5,4,2,0.50,629.57,0.00,N/A
104.17.6.104,4,2,0.50,629.57,0.00,N/A
104.19.117.230,4,2,0.50,632.15,0.00,N/A
104.19.64.172,4,2,0.50,634.06,0.00,N/A
172.65.243.99,4,2,0.50,640.74,0.00,N/A
104.19.111.176,4,2,0.50,642.00,0.00,N/A
104.16.202.210,4,2,0.50,644.67,0.00,N/A
162.159.213.182,4,2,0.50,647.49,0.00,N/A
104.16.146.205,4,2,0.50,652.15,0.00,N/A
172.65.251.242,4,2,0.50,654.45,0.00,N/A
172.65.220.183,4,2,0.50,654.71,0.00,N/A
104.16.41.118,4,2,0.50,654.82,0.00,N/A
104.19.19.192,4,2,0.50,660.49,0.00,N/A
172.65.236.59,4,2,0.50,661.85,0.00,N/A
104.19.113.44,4,2,0.50,664.97,0.00,N/A
104.16.247.134,4,2,0.50,666.66,0.00,N/A
104.17.5.240,4,2,0.50,668.44,0.00,N/A
172.64.98.216,4,2,0.50,672.42,0.00,N/A
172.65.218.168,4,2,0.50,674.73,0.00,N/A
172.65.211.225,4,2,0.50,676.94,0.00,N/A
104.18.184.87,4,2,0.50,695.97,0.00,N/A
104.27.30.180,4,1,0.75,158.00,0.00,N/A
104.25.164.141,4,1,0.75,196.42,0.00,N/A
104.27.44.129,4,1,0.75,196.72,0.00,N/A
104.27.126.131,4,1,0.75,196.98,0.00,N/A
104.25.174.113,4,1,0.75,197.22,0.00,N/A
172.67.90.191,4,1,0.75,197.85,0.00,N/A
104.27.127.215,4,1,0.75,198.29,0.00,N/A
104.27.13.195,4,1,0.75,198.81,0.00,N/A
104.27.111.95,4,1,0.75,202.42,0.00,N/A
104.27.37.153,4,1,0.75,203.18,0.00,N/A
104.27.109.172,4,1,0.75,204.30,0.00,N/A
172.67.89.134,4,1,0.75,204.91,0.00,N/A
172.65.186.211,4,1,0.75,205.18,0.00,N/A
172.67.88.109,4,1,0.75,205.21,0.00,N/A
104.25.161.240,4,1,0.75,206.88,0.00,N/A
104.27.123.39,4,1,0.75,211.32,0.00,N/A
104.29.153.37,4,1,0.75,211.42,0.00,N/A
172.67.118.7,4,1,0.75,212.79,0.00,N/A
172.67.119.159,4,1,0.75,219.01,0.00,N/A
104.27.18.79,4,1,0.75,221.13,0.00,N/A
104.26.15.77,4,1,0.75,228.20,0.00,N/A
104.27.124.253,4,1,0.75,228.50,0.00,N/A
104.27.125.147,4,1,0.75,229.73,0.00,N/A
172.67.117.28,4,1,0.75,231.79,0.00,N/A
104.29.152.145,4,1,0.75,234.92,0.00,N/A
104.27.121.36,4,1,0.75,235.65,0.00,N/A
104.27.41.60,4,1,0.75,237.90,0.00,N/A
172.65.205.211,4,1,0.75,243.99,0.00,N/A
104.29.146.61,4,1,0.75,249.32,0.00,N/A
104.29.147.65,4,1,0.75,265.11,0.00,N/A
104.25.78.127,4,1,0.75,324.02,0.00,N/A
104.21.209.104,4,1,0.75,324.67,0.00,N/A
104.21.198.139,4,1,0.75,328.73,0.00,N/A
104.21.200.154,4,1,0.75,334.89,0.00,N/A
172.67.230.229,4,1,0.75,339.93,0.00,N/A
104.21.206.176,4,1,0.75,345.27,0.00,N/A
104.21.210.61,4,1,0.75,353.31,0.00,N/A
104.21.212.78,4,1,0.75,357.78,0.00,N/A
104.21.220.40,4,1,0.75,360.22,0.00,N/A
104.24.247.230,4,1,0.75,365.74,0.00,N/A
104.19.16.249,4,1,0.75,366.29,0.00,N/A
104.21.205.15,4,1,0.75,366.57,0.00,N/A
104.19.85.73,4,1,0.75,367.41,0.00,N/A
104.21.204.224,4,1,0.75,367.87,0.00,N/A
104.21.193.159,4,1,0.75,370.21,0.00,N/A
104.21.208.186,4,1,0.75,370.32,0.00,N/A
104.25.75.182,4,1,0.75,373.75,0.00,N/A
104.17.235.146,4,1,0.75,374.61,0.00,N/A
104.21.222.244,4,1,0.75,375.65,0.00,N/A
104.19.102.251,4,1,0.75,379.74,0.00,N/A
104.19.134.171,4,1,0.75,383.90,0.00,N/A
104.27.63.111,4,1,0.75,383.96,0.00,N/A
104.19.135.215,4,1,0.75,384.43,0.00,N/A
104.21.196.192,4,1,0.75,387.78,0.00,N/A
172.67.229.63,4,1,0.75,391.11,0.00,N/A
104.27.73.156,4,1,0.75,391.44,0.00,N/A
104.17.93.243,4,1,0.75,391.88,0.00,N/A
104.17.114.197,4,1,0.75,393.62,0.00,N/A
104.21.216.219,4,1,0.75,394.54,0.00,N/A
104.19.22.199,4,1,0.75,395.12,0.00,N/A
104.21.27.164,4,1,0.75,395.24,0.00,N/A
104.19.246.67,4,1,0.75,395.35,0.00,N/A
104.21.215.239,4,1,0.75,396.10,0.00,N/A
104.19.101.5,4,1,0.75,396.37,0.00,N/A
104.24.252.103,4,1,0.75,398.32,0.00,N/A
104.23.120.149,4,1,0.75,399.26,0.00,N/A
104.19.136.169,4,1,0.75,399.92,0.00,N/A
104.23.117.15,4,1,0.75,400.15,0.00,N/A
104.17.78.126,4,1,0.75,402.21,0.00,N/A
104.25.72.228,4,1,0.75,403.01,0.00,N/A
104.21.207.69,4,1,0.75,403.44,0.00,N/A
104.21.217.131,4,1,0.75,404.01,0.00,N/A
104.21.199.154,4,1,0.75,405.88,0.00,N/A
198.41.201.14,4,1,0.75,407.06,0.00,N/A
104.25.222.203,4,1,0.75,407.73,0.00,N/A
104.19.13.35,4,1,0.75,407.78,0.00,N/A
104.19.98.215,4,1,0.75,408.04,0.00,N/A
104.25.77.122,4,1,0.75,408.10,0.00,N/A
104.25.73.171,4,1,0.75,408.70,0.00,N/A
104.24.255.51,4,1,0.75,411.28,0.00,N/A
172.67.217.74,4,1,0.75,414.02,0.00,N/A
104.19.104.162,4,1,0.75,414.30,0.00,N/A
104.21.84.103,4,1,0.75,422.59,0.00,N/A
172.65.156.129,4,1,0.75,423.31,0.00,N/A
104.27.77.10,4,1,0.75,424.37,0.00,N/A
172.66.155.228,4,1,0.75,425.19,0.00,N/A
172.67.204.50,4,1,0.75,425.54,0.00,N/A
172.67.215.149,4,1,0.75,426.11,0.00,N/A
104.21.21.154,4,1,0.75,426.17,0.00,N/A
172.66.134.185,4,1,0.75,428.51,0.00,N/A
104.21.22.110,4,1,0.75,428.55,0.00,N/A
172.66.169.82,4,1,0.75,429.80,0.00,N/A
172.66.161.194,4,1,0.75,430.34,0.00,N/A
104.21.26.135,4,1,0.75,430.51,0.00,N/A
172.66.139.22,4,1,0.75,433.54,0.00,N/A
104.27.52.212,4,1,0.75,434.26,0.00,N/A
104.25.71.202,4,1,0.75,434.59,0.00,N/A
172.67.225.1,4,1,0.75,434.84,0.00,N/A
104.24.251.232,4,1,0.75,435.40,0.00,N/A
172.67.223.165,4,1,0.75,435.44,0.00,N/A
104.24.243.192,4,1,0.75,436.42,0.00,N/A
104.25.102.158,4,1,0.75,436.63,0.00,N/A
104.21.29.147,4,1,0.75,437.78,0.00,N/A
104.25.126.217,4,1,0.75,439.71,0.00,N/A
104.25.125.248,4,1,0.75,439.89,0.00,N/A
104.25.127.178,4,1,0.75,440.29,0.00,N/A
104.24.248.173,4,1,0.75,442.74,0.00,N/A
104.24.246.73,4,1,0.75,443.39,0.00,N/A
104.25.217.121,4,1,0.75,443.99,0.00,N/A
104.25.198.26,4,1,0.75,445.46,0.00,N/A
172.67.70.210,4,1,0.75,447.90,0.00,N/A
104.18.2.178,4,1,0.75,449.17,0.00,N/A
104.19.109.66,4,1,0.75,449.34,0.00,N/A
104.24.209.94,4,1,0.75,451.21,0.00,N/A
104.25.39.111,4,1,0.75,453.24,0.00,N/A
104.25.221.114,4,1,0.75,454.23,0.00,N/A
104.24.215.81,4,1,0.75,454.75,0.00,N/A
104.24.203.211,4,1,0.75,455.05,0.00,N/A
104.27.45.44,4,1,0.75,455.50,0.00,N/A
172.66.153.239,4,1,0.75,455.96,0.00,N/A
172.66.131.132,4,1,0.75,457.67,0.00,N/A
172.67.216.197,4,1,0.75,458.10,0.00,N/A
104.24.249.170,4,1,0.75,458.81,0.00,N/A
172.67.209.105,4,1,0.75,458.95,0.00,N/A
172.65.34.95,4,1,0.75,460.66,0.00,N/A
104.21.80.147,4,1,0.75,461.72,0.00,N/A
104.27.48.169,4,1,0.75,462.21,0.00,N/A
172.65.21.244,4,1,0.75,463.00,0.00,N/A
172.67.202.196,4,1,0.75,463.40,0.00,N/A
104.19.17.124,4,1,0.75,463.52,0.00,N/A
104.27.50.193,4,1,0.75,463.57,0.00,N/A
104.24.244.72,4,1,0.75,463.85,0.00,N/A
104.18.73.144,4,1,0.75,464.14,0.00,N/A
172.65.127.8,4,1,0.75,465.90,0.00,N/A
104.25.44.77,4,1,0.75,467.66,0.00,N/A
104.23.123.200,4,1,0.75,468.20,0.00,N/A
104.25.216.50,4,1,0.75,472.26,0.00,N/A
172.67.207.250,4,1,0.75,472.91,0.00,N/A
104.21.34.86,4,1,0.75,473.84,0.00,N/A
104.27.76.40,4,1,0.75,476.05,0.00,N/A
104.25.211.74,4,1,0.75,476.37,0.00,N/A
104.27.110.220,4,1,0.75,477.26,0.00,N/A
104.24.239.162,4,1,0.75,477.29,0.00,N/A
104.25.213.253,4,1,0.75,478.32,0.00,N/A
172.66.146.63,4,1,0.75,478.98,0.00,N/A
172.65.225.254,4,1,0.75,479.25,0.00,N/A
172.67.206.228,4,1,0.75,479.66,0.00,N/A
104.24.175.162,4,1,0.75,482.28,0.00,N/A
172.64.81.85,4,1,0.75,482.74,0.00,N/A
172.67.64.229,4,1,0.75,484.06,0.00,N/A
172.67.184.94,4,1,0.75,484.36,0.00,N/A
172.67.150.198,4,1,0.75,484.50,0.00,N/A
172.65.15.227,4,1,0.75,485.20,0.00,N/A
104.25.124.110,4,1,0.75,486.06,0.00,N/A
104.25.45.54,4,1,0.75,487.58,0.00,N/A
104.19.18.173,4,1,0.75,488.00,0.00,N/A
172.67.181.116,4,1,0.75,488.36,0.00,N/A
172.65.149.125,4,1,0.75,488.96,0.00,N/A
104.25.54.129,4,1,0.75,489.47,0.00,N/A
104.25.219.9,4,1,0.75,490.38,0.00,N/A
172.67.107.13,4,1,0.75,492.22,0.00,N/A
172.65.94.247,4,1,0.75,492.63,0.00,N/A
172.67.203.208,4,1,0.75,492.65,0.00,N/A
104.27.51.92,4,1,0.75,493.28,0.00,N/A
104.26.14.203,4,1,0.75,493.54,0.00,N/A
104.26.3.43,4,1,0.75,493.69,0.00,N/A
172.67.105.138,4,1,0.75,494.03,0.00,N/A
172.65.122.170,4,1,0.75,494.05,0.00,N/A
172.67.106.203,4,1,0.75,495.70,0.00,N/A
104.26.13.77,4,1,0.75,495.77,0.00,N/A
104.25.240.69,4,1,0.75,496.96,0.00,N/A
104.26.0.197,4,1,0.75,497.52,0.00,N/A
104.25.251.137,4,1,0.75,498.57,0.00,N/A
172.65.68.39,4,1,0.75,499.54,0.00,N/A
172.65.23.107,4,1,0.75,507.11,0.00,N/A
104.19.70.115,4,3,0.25,551.15,0.00,N/A
104.18.240.135,4,1,0.75,508.92,0.00,N/A
172.65.248.73,4,1,0.75,512.15,0.00,N/A
172.65.196.246,4,1,0.75,512.87,0.00,N/A
172.65.75.107,4,1,0.75,513.57,0.00,N/A
172.66.172.174,4,1,0.75,515.33,0.00,N/A
172.65.118.177,4,1,0.75,515.91,0.00,N/A
172.65.130.197,4,1,0.75,517.05,0.00,N/A
172.67.130.219,4,1,0.75,520.12,0.00,N/A
172.67.100.82,4,1,0.75,520.51,0.00,N/A
172.67.129.204,4,1,0.75,520.76,0.00,N/A
172.65.132.175,4,1,0.75,521.78,0.00,N/A
172.64.85.208,4,1,0.75,525.02,0.00,N/A
172.65.164.168,4,1,0.75,527.04,0.00,N/A
172.65.107.18,4,1,0.75,527.33,0.00,N/A
172.67.72.12,4,1,0.75,529.03,0.00,N/A
172.66.162.91,4,1,0.75,533.09,0.00,N/A
172.67.104.35,4,1,0.75,534.55,0.00,N/A
172.65.44.186,4,1,0.75,534.58,0.00,N/A
104.19.147.51,4,1,0.75,537.28,0.00,N/A
172.67.83.55,4,1,0.75,539.52,0.00,N/A
172.65.254.47,4,1,0.75,570.55,0.00,N/A
172.66.0.9,4,1,0.75,571.94,0.00,N/A
172.65.208.181,4,1,0.75,573.57,0.00,N/A
104.18.255.125,4,1,0.75,584.01,0.00,N/A
104.17.154.165,4,1,0.75,604.54,0.00,N/A
104.19.150.158,4,1,0.75,611.67,0.00,N/A
104.17.253.143,4,1,0.75,614.17,0.00,N/A
104.17.76.225,4,1,0.75,615.20,0.00,N/A
104.18.217.67,4,1,0.75,619.42,0.00,N/A
104.19.108.8,4,1,0.75,621.25,0.00,N/A
172.66.1.203,4,1,0.75,623.34,0.00,N/A
104.18.214.103,4,1,0.75,624.50,0.00,N/A
104.17.74.215,4,1,0.75,631.63,0.00,N/A
104.17.75.157,4,1,0.75,632.17,0.00,N/A
104.18.167.192,4,1,0.75,633.57,0.00,N/A
104.19.149.108,4,1,0.75,635.18,0.00,N/A
104.18.210.77,4,1,0.75,651.42,0.00,N/A
104.19.86.157,4,1,0.75,663.63,0.00,N/A
104.17.72.18,4,1,0.75,665.61,0.00,N/A
104.17.15.208,4,1,0.75,666.58,0.00,N/A
104.16.142.250,4,1,0.75,666.94,0.00,N/A
172.65.192.74,4,1,0.75,669.38,0.00,N/A
104.17.104.199,4,1,0.75,669.76,0.00,N/A
104.17.46.96,4,1,0.75,672.98,0.00,N/A
172.65.193.202,4,1,0.75,677.93,0.00,N/A
104.16.242.187,4,1,0.75,679.00,0.00,N/A
104.19.20.155,4,1,0.75,683.32,0.00,N/A
104.19.57.172,4,1,0.75,684.16,0.00,N/A
104.17.30.43,4,1,0.75,684.77,0.00,N/A
172.65.198.28,4,1,0.75,687.02,0.00,N/A
104.17.42.162,4,1,0.75,688.20,0.00,N/A
104.16.96.141,4,1,0.75,692.84,0.00,N/A
172.65.246.134,4,1,0.75,694.29,0.00,N/A
104.18.197.52,4,1,0.75,695.05,0.00,N/A
104.16.213.196,4,1,0.75,699.45,0.00,N/A
172.64.150.89,4,1,0.75,704.26,0.00,N/A
172.66.46.106,4,1,0.75,712.01,0.00,N/A
